,precision,recall,f1-score,error_rate,accuracy
weighted avg,0.9140771339139013,0.9415847310584152,0.9264020133237955,0.058415268941584775,0.9415847310584152
