,precision,recall,f1-score,error_rate,accuracy
weighted avg,0.9539021143356856,0.9548872180451128,0.9500491228805625,0.045112781954887216,0.9548872180451128
