,precision,recall,f1-score,error_rate,accuracy
weighted avg,0.020429082740295552,0.06853672643146327,0.009307188248845159,0.9314632735685368,0.06853672643146327
